config,beams,lp,rouge1,rougeL
beam4_lp1.0,4,1.0,0.8299271399115976,0.8240549297235727
beam8_lp1.0,8,1.0,0.8282397419670144,0.8218475752353315
